,Driver,Team,GrandPrix,Laps,Length,LapTime,Compound,AvgSpeed,MaxSpeed,QualiPos,RacePos,Track
0,0.0,0.0,0.0,0.2142857142857144,0.747556892466362,0.3726911013011154,0.0,0.8345079006757279,0.8895184135977338,0.1,0.0,0.5
1,0.05263157894736842,0.1111111111111111,0.0,0.2142857142857144,0.747556892466362,0.3670568076208178,0.0,0.8377242326810637,0.8923512747875354,0.05,0.0,0.5
2,0.10526315789473684,0.0,0.0,0.2142857142857144,0.747556892466362,0.3756098977695168,0.0,0.8320906472070693,0.8838526912181304,0.15000000000000002,0.0,0.5
3,0.15789473684210525,0.2222222222222222,0.0,0.2142857142857144,0.747556892466362,0.38124419144981414,0.0,0.828521918587969,0.8951841359773371,0.35000000000000003,0.0,0.5
4,0.21052631578947367,0.1111111111111111,0.0,0.2142857142857144,0.747556892466362,0.39119133364312275,1.0,0.8245322761994182,0.878186968838527,0.0,0.0,0.5
5,0.2631578947368421,0.3333333333333333,0.0,0.2142857142857144,0.747556892466362,0.3769458643122676,0.0,0.8308301219940125,0.8951841359773371,0.2,0.0,0.5
6,0.3157894736842105,0.2222222222222222,0.0,0.2142857142857144,0.747556892466362,0.3805616868029742,0.0,0.8285014012243598,0.8923512747875354,0.30000000000000004,0.0,0.5
7,0.3684210526315789,0.3333333333333333,0.0,0.2142857142857144,0.747556892466362,0.3847438429368031,0.0,0.8257907292137567,0.8895184135977338,0.4,0.0,0.5
8,0.42105263157894735,0.4444444444444444,0.0,0.2142857142857144,0.747556892466362,0.39909096189591087,1.0,0.8194339986938747,0.8980169971671389,0.65,0.0,0.5
9,0.47368421052631576,0.5555555555555556,0.0,0.2142857142857144,0.747556892466362,0.3903490938661711,0.0,0.822380187666919,0.8838526912181304,0.5,0.0,0.5
10,0.5263157894736842,0.6666666666666666,0.0,0.2142857142857144,0.747556892466362,0.3995992100371748,0.0,0.8170951583048347,0.9065155807365439,0.7000000000000001,1.0,0.5
11,0.5789473684210527,0.6666666666666666,0.0,0.2142857142857144,0.747556892466362,0.3919028810408922,0.0,0.821982227207338,0.9065155807365439,0.6000000000000001,1.0,0.5
12,0.631578947368421,0.7777777777777777,0.0,0.2142857142857144,0.747556892466362,0.4066565985130113,0.0,0.8150318058662183,0.9008498583569405,0.8,1.0,0.5
13,0.6842105263157894,0.8888888888888888,0.0,0.2142857142857144,0.747556892466362,0.4314300650557623,0.0,0.7976685770394297,0.886685552407932,0.75,1.0,0.5
14,0.7368421052631579,0.5555555555555556,0.0,0.2142857142857144,0.747556892466362,0.4114776951672863,0.0,0.8091518623191587,0.9008498583569405,1.0,1.0,0.5
15,0.7894736842105263,1.0,0.0,0.2142857142857144,0.747556892466362,0.4171845957249072,0.0,0.8096135651029894,0.8923512747875354,0.9,1.0,0.5
16,0.8421052631578947,0.4444444444444444,0.0,0.2142857142857144,0.747556892466362,0.3788481644981412,0.0,0.8314588834409399,0.9008498583569405,0.25,1.0,0.5
17,0.894736842105263,0.8888888888888888,0.0,0.2142857142857144,0.747556892466362,0.4097351301115244,0.0,0.811702997755581,0.9036827195467423,0.8500000000000001,1.0,0.5
18,0.9473684210526315,0.7777777777777777,0.0,0.2142857142857144,0.747556892466362,0.38523756970260226,0.0,0.8276659188993021,0.8895184135977338,0.45,1.0,0.5
19,1.0,1.0,0.0,0.2142857142857144,0.747556892466362,0.42915020910780677,0.0,0.8023547710540999,0.9206798866855525,0.9500000000000001,1.0,0.5
20,0.05263157894736842,0.1111111111111111,0.05263157894736842,0.4642857142857144,0.5755442567745666,0.15651138475836435,0.0,0.9100763871984792,0.9206798866855525,0.15000000000000002,0.0,0.0
21,0.0,0.0,0.05263157894736842,0.4642857142857144,0.5755442567745666,0.1552480250929369,0.0,0.911875173776624,0.9121813031161473,0.05,0.0,0.0
22,0.15789473684210525,0.2222222222222222,0.05263157894736842,0.4642857142857144,0.5755442567745666,0.1619859433085502,0.0,0.9071060024282074,0.9065155807365439,0.35000000000000003,0.0,0.0
23,0.2631578947368421,0.3333333333333333,0.05263157894736842,0.4642857142857144,0.5755442567745666,0.16002555762081783,0.0,0.9088279023242434,0.9065155807365439,0.2,0.0,0.0
24,0.3684210526315789,0.3333333333333333,0.05263157894736842,0.4642857142857144,0.5755442567745666,0.16669086895910779,0.0,0.9043532395977018,0.9093484419263457,0.55,0.0,0.0
25,0.3157894736842105,0.2222222222222222,0.05263157894736842,0.4642857142857144,0.5755442567745666,0.16127439591078052,0.0,0.9067306451244398,0.9178470254957507,0.30000000000000004,0.0,0.0
26,0.8421052631578947,0.4444444444444444,0.05263157894736842,0.4642857142857144,0.5755442567745666,0.16075162639405227,0.0,0.9087925526270973,0.9121813031161473,0.25,0.0,0.0
27,0.47368421052631576,0.5555555555555556,0.05263157894736842,0.4642857142857144,0.5755442567745666,0.16635687732342008,0.0,0.9019542512277328,0.9206798866855525,0.5,0.0,0.0
28,0.631578947368421,0.7777777777777777,0.05263157894736842,0.4642857142857144,0.5755442567745666,0.16685060408921926,0.0,0.9016724356076514,0.9206798866855525,0.45,0.0,0.0
29,0.9473684210526315,0.7777777777777777,0.05263157894736842,0.4642857142857144,0.5755442567745666,0.17241229089219345,0.0,0.89839752484893,0.9263456090651558,0.75,0.0,0.0
30,0.21052631578947367,0.1111111111111111,0.05263157894736842,0.4642857142857144,0.5755442567745666,0.15575627323420083,0.0,0.9112460362823719,0.9150141643059491,0.1,1.0,0.0
31,0.5263157894736842,0.6666666666666666,0.05263157894736842,0.4642857142857144,0.5755442567745666,0.17794493494423813,0.0,0.8933165019126699,0.9291784702549576,0.8,1.0,0.0
32,0.5789473684210527,0.6666666666666666,0.05263157894736842,0.4642857142857144,0.5755442567745666,0.18009409851301128,0.0,0.8939864101181346,0.9178470254957507,0.8500000000000001,1.0,0.0
33,0.7368421052631579,0.5555555555555556,0.05263157894736842,0.4642857142857144,0.5755442567745666,0.16952253717472132,0.0,0.8990817854594916,0.9093484419263457,0.0,1.0,0.0
34,0.7894736842105263,1.0,0.05263157894736842,0.4642857142857144,0.5755442567745666,0.1823739544609666,0.0,0.8891903992849145,0.9178470254957507,0.9,1.0,0.0
35,1.0,1.0,0.05263157894736842,0.4642857142857144,0.5755442567745666,0.18989602695167296,0.0,0.8854560541234369,0.9178470254957507,0.9500000000000001,1.0,0.0
36,0.10526315789473684,0.0,0.05263157894736842,0.4642857142857144,0.5755442567745666,0.1623199349442379,0.0,0.9063699912232446,0.9036827195467423,0.4,1.0,0.0
37,0.6842105263157894,0.8888888888888888,0.05263157894736842,0.4642857142857144,0.5755442567745666,0.16759119423791824,0.0,0.9002828445485885,0.9263456090651558,0.6000000000000001,1.0,0.0
38,0.894736842105263,0.8888888888888888,0.05263157894736842,0.4642857142857144,0.5755442567745666,0.17241229089219345,0.0,0.8986907793963135,0.9178470254957507,0.7000000000000001,1.0,0.0
39,0.0,0.0,0.10526315789473684,0.5714285714285716,0.4822357333366847,0.21252032992565062,0.0,0.8186791710914534,0.8980169971671389,0.1,0.0,0.5
40,0.05263157894736842,0.1111111111111111,0.10526315789473684,0.5714285714285716,0.4822357333366847,0.218198187732342,0.0,0.8118415843226682,0.8951841359773371,0.15000000000000002,0.0,0.5
41,0.10526315789473684,0.0,0.10526315789473684,0.5714285714285716,0.4822357333366847,0.21241868029739774,0.0,0.8168836973813928,0.8895184135977338,0.05,0.0,0.5
42,0.21052631578947367,0.1111111111111111,0.10526315789473684,0.5714285714285716,0.4822357333366847,0.22028926579925656,0.0,0.8129666730739268,0.8923512747875354,0.2,0.0,0.5
43,0.15789473684210525,0.2222222222222222,0.10526315789473684,0.5714285714285716,0.4822357333366847,0.22357109665427521,0.0,0.8099994764382502,0.8923512747875354,0.35000000000000003,0.0,0.5
44,0.2631578947368421,0.3333333333333333,0.10526315789473684,0.5714285714285716,0.4822357333366847,0.22633015799256517,0.0,0.8065707790906194,0.8895184135977338,0.4,0.0,0.5
45,0.631578947368421,0.7777777777777777,0.10526315789473684,0.5714285714285716,0.4822357333366847,0.22249651486988853,0.0,0.8120375889096769,0.9065155807365439,0.30000000000000004,0.0,0.5
46,0.9473684210526315,0.7777777777777777,0.10526315789473684,0.5714285714285716,0.4822357333366847,0.22850836431226784,0.0,0.807339662227168,0.9036827195467423,0.65,0.0,0.5
47,0.3157894736842105,0.2222222222222222,0.10526315789473684,0.5714285714285716,0.4822357333366847,0.2340700511152416,0.0,0.8033477932315556,0.8980169971671389,0.8,0.0,0.5
48,0.8421052631578947,0.4444444444444444,0.10526315789473684,0.5714285714285716,0.4822357333366847,0.22878427044609673,0.0,0.8049821727031863,0.8923512747875354,0.45,0.0,0.5
49,0.3684210526315789,0.3333333333333333,0.10526315789473684,0.5714285714285716,0.4822357333366847,0.22245295074349447,0.0,0.8095419185318188,0.8923512747875354,0.25,1.0,0.5
50,0.5789473684210527,0.6666666666666666,0.10526315789473684,0.5714285714285716,0.4822357333366847,0.22502323420074344,0.0,0.8085390354188553,0.9036827195467423,0.6000000000000001,1.0,0.5
51,0.7368421052631579,0.5555555555555556,0.10526315789473684,0.5714285714285716,0.4822357333366847,0.23145620353159857,0.0,0.8048011498649605,0.9150141643059491,0.5,1.0,0.5
52,0.47368421052631576,0.5555555555555556,0.10526315789473684,0.5714285714285716,0.4822357333366847,0.23514463289962828,0.0,0.801173047721714,0.8923512747875354,0.8500000000000001,1.0,0.5
53,0.42105263157894735,0.4444444444444444,0.10526315789473684,0.5714285714285716,0.4822357333366847,0.2286100139405205,0.0,0.8070035121883368,0.9036827195467423,0.7000000000000001,1.0,0.5
54,0.6842105263157894,0.8888888888888888,0.10526315789473684,0.5714285714285716,0.4822357333366847,0.22346944702602234,0.0,0.8094020119465913,0.9235127478753542,0.55,1.0,0.5
55,0.7894736842105263,1.0,0.10526315789473684,0.5714285714285716,0.4822357333366847,0.24297165427509304,0.0,0.7996696975531978,0.8980169971671389,0.9500000000000001,1.0,0.5
56,0.894736842105263,0.8888888888888888,0.10526315789473684,0.5714285714285716,0.4822357333366847,0.24054658457249078,0.0,0.7979399895483229,0.9093484419263457,0.9,1.0,0.5
57,1.0,1.0,0.10526315789473684,0.5714285714285716,0.4822357333366847,0.24965148698884776,0.0,0.7929505500662088,0.8951841359773371,1.0,1.0,0.5
58,0.5263157894736842,0.6666666666666666,0.10526315789473684,0.5714285714285716,0.4822357333366847,0.2336779739776953,1.0,0.8020539926510647,0.8980169971671389,0.75,1.0,0.5
59,0.0,0.0,0.15789473684210525,0.5714285714285716,0.50029198024645,0.18908282992565062,0.0,0.8405121951317001,0.8951841359773371,0.05,0.0,0.5
60,0.05263157894736842,0.1111111111111111,0.15789473684210525,0.5714285714285716,0.50029198024645,0.1896055994423793,0.0,0.8427174977686593,0.8951841359773371,0.1,0.0,0.5
61,0.10526315789473684,0.0,0.15789473684210525,0.5714285714285716,0.50029198024645,0.19099965148698894,0.0,0.8402355644706233,0.8951841359773371,0.15000000000000002,0.0,0.5
62,0.2631578947368421,0.3333333333333333,0.15789473684210525,0.5714285714285716,0.50029198024645,0.20024976765799263,0.0,0.8318949221905175,0.9008498583569405,0.2,0.0,0.5
63,0.21052631578947367,0.1111111111111111,0.15789473684210525,0.5714285714285716,0.50029198024645,0.20302335037174712,0.0,0.8319326603227005,0.9008498583569405,0.4,0.0,0.5
64,0.3157894736842105,0.2222222222222222,0.15789473684210525,0.5714285714285716,0.50029198024645,0.2018761617100373,0.0,0.8330492368475423,0.9008498583569405,0.35000000000000003,0.0,0.5
65,0.3684210526315789,0.3333333333333333,0.15789473684210525,0.5714285714285716,0.50029198024645,0.201847118959108,0.0,0.8329196434376119,0.8923512747875354,0.30000000000000004,0.0,0.5
66,0.15789473684210525,0.2222222222222222,0.15789473684210525,0.5714285714285716,0.50029198024645,0.20751045539033464,0.0,0.8273637007471862,0.8923512747875354,0.45,0.0,0.5
67,0.631578947368421,0.7777777777777777,0.15789473684210525,0.5714285714285716,0.50029198024645,0.2012662639405205,0.0,0.8332392924262385,0.9065155807365439,0.25,0.0,0.5
68,0.8421052631578947,0.4444444444444444,0.15789473684210525,0.5714285714285716,0.50029198024645,0.20710385687732358,0.0,0.8300083475883989,0.886685552407932,0.6000000000000001,0.0,0.5
69,0.47368421052631576,0.5555555555555556,0.15789473684210525,0.5714285714285716,0.50029198024645,0.20698768587360616,0.0,0.8273789994852997,0.9036827195467423,0.55,1.0,0.5
70,0.5263157894736842,0.6666666666666666,0.15789473684210525,0.5714285714285716,0.50029198024645,0.22068134293680308,0.0,0.8181892299626059,0.9320113314447592,0.8500000000000001,1.0,0.5
71,0.7368421052631579,0.5555555555555556,0.15789473684210525,0.5714285714285716,0.50029198024645,0.20851243029739774,0.0,0.8269912152765929,0.9150141643059491,0.65,1.0,0.5
72,0.6842105263157894,0.8888888888888888,0.15789473684210525,0.5714285714285716,0.50029198024645,0.22412290892193298,0.0,0.8156994082300706,0.8923512747875354,0.75,1.0,0.5
73,0.5789473684210527,0.6666666666666666,0.15789473684210525,0.5714285714285716,0.50029198024645,0.21253485130111516,0.0,0.8259917888360969,0.9263456090651558,0.7000000000000001,1.0,0.5
74,0.894736842105263,0.8888888888888888,0.15789473684210525,0.5714285714285716,0.50029198024645,0.2250667983271375,0.0,0.8160339751848331,0.9093484419263457,0.9500000000000001,1.0,0.5
75,0.9473684210526315,0.7777777777777777,0.15789473684210525,0.5714285714285716,0.50029198024645,0.20949988382899631,0.0,0.8261952117926582,0.9036827195467423,0.5,1.0,0.5
76,0.7894736842105263,1.0,0.15789473684210525,0.5714285714285716,0.50029198024645,0.22358561802973997,0.0,0.8168177009429448,0.9178470254957507,0.9,1.0,0.5
77,1.0,1.0,0.15789473684210525,0.5714285714285716,0.50029198024645,0.23360536710037194,0.0,0.8111231942473032,0.9235127478753542,1.0,1.0,0.5
78,0.42105263157894735,0.4444444444444444,0.15789473684210525,0.5714285714285716,0.50029198024645,0.21543912639405205,0.0,0.8225041127110189,0.8838526912181304,0.8,1.0,0.5
79,0.05263157894736842,0.1111111111111111,0.21052631578947367,1.0,0.0,0.09955855018587356,0.0,0.6420985969167798,0.8130311614730878,0.1,0.0,0.25
80,0.3684210526315789,0.3333333333333333,0.21052631578947367,1.0,0.0,0.10006679832713772,0.0,0.6452912539405765,0.8158640226628896,0.2,0.0,0.25
81,0.15789473684210525,0.2222222222222222,0.21052631578947367,1.0,0.0,0.10019749070631989,0.0,0.6417024599827297,0.8101983002832862,0.25,0.0,0.25
82,0.21052631578947367,0.1111111111111111,0.21052631578947367,1.0,0.0,0.11403636152416352,0.0,0.6326886223027453,0.8130311614730878,0.45,0.0,0.25
83,0.7368421052631579,0.5555555555555556,0.21052631578947367,1.0,0.0,0.11180006970260226,0.0,0.635039760191897,0.8158640226628896,0.4,0.0,0.25
84,0.8421052631578947,0.4444444444444444,0.21052631578947367,1.0,0.0,0.10426347583643136,0.0,0.6381745815167774,0.8101983002832862,0.30000000000000004,0.0,0.25
85,0.0,0.0,0.21052631578947367,1.0,0.0,0.10709514405204468,0.0,0.6389091085382423,0.8186968838526912,0.35000000000000003,0.0,0.25
86,0.47368421052631576,0.5555555555555556,0.21052631578947367,1.0,0.0,0.11442843866171004,0.0,0.6328307240432984,0.8186968838526912,0.65,0.0,0.25
87,0.631578947368421,0.7777777777777777,0.21052631578947367,1.0,0.0,0.11277300185873629,0.0,0.634535944929936,0.8186968838526912,0.55,0.0,0.25
88,0.5789473684210527,0.6666666666666666,0.21052631578947367,1.0,0.0,0.11702776486988853,0.0,0.6325096295978203,0.8130311614730878,0.5,0.0,0.25
89,0.5263157894736842,0.6666666666666666,0.21052631578947367,1.0,0.0,0.11503833643122685,0.0,0.634041753397811,0.8186968838526912,0.7000000000000001,1.0,0.25
90,0.3157894736842105,0.2222222222222222,0.21052631578947367,1.0,0.0,0.11439939591078074,0.0,0.633346503942353,0.821529745042493,0.6000000000000001,1.0,0.25
91,0.9473684210526315,0.7777777777777777,0.21052631578947367,1.0,0.0,0.12321387081784385,0.0,0.6278534906861319,0.8186968838526912,0.8500000000000001,1.0,0.25
92,0.6842105263157894,0.8888888888888888,0.21052631578947367,1.0,0.0,0.11776835501858729,0.0,0.6323831618875094,0.821529745042493,0.75,1.0,0.25
93,0.894736842105263,0.8888888888888888,0.21052631578947367,1.0,0.0,0.125551812267658,0.0,0.6265919408994138,0.8243626062322946,0.9,1.0,0.25
94,0.42105263157894735,0.4444444444444444,0.21052631578947367,1.0,0.0,0.12163104089219345,0.0,0.6297764409052098,0.8186968838526912,0.8,1.0,0.25
95,1.0,1.0,0.21052631578947367,1.0,0.0,0.13414846654275103,0.0,0.6233004425038255,0.8130311614730878,0.9500000000000001,1.0,0.25
96,0.10526315789473684,0.0,0.21052631578947367,1.0,0.0,0.09992158457249078,0.0,0.6419243127001237,0.8158640226628896,0.15000000000000002,1.0,0.25
97,0.2631578947368421,0.3333333333333333,0.21052631578947367,1.0,0.0,0.09621863382899631,0.0,0.6454377453253406,0.8130311614730878,0.05,1.0,0.25
98,0.21052631578947367,0.1111111111111111,0.2631578947368421,0.03571428571428581,0.9466681809655206,0.5546729786245355,0.0,0.8069050813625863,0.9320113314447592,0.30000000000000004,0.0,1.0
99,0.7368421052631579,0.5555555555555556,0.2631578947368421,0.03571428571428581,0.9466681809655206,0.5591310408921935,0.0,0.8059510365932269,0.9263456090651558,0.55,0.0,1.0
100,0.8421052631578947,0.4444444444444444,0.2631578947368421,0.03571428571428581,0.9466681809655206,0.5495614544609666,0.0,0.809490123664138,0.9320113314447592,0.2,0.0,1.0
101,0.2631578947368421,0.3333333333333333,0.2631578947368421,0.03571428571428581,0.9466681809655206,0.5445225371747213,0.0,0.8119926908065448,0.943342776203966,0.05,0.0,1.0
102,0.15789473684210525,0.2222222222222222,0.2631578947368421,0.03571428571428581,0.9466681809655206,0.5522043447955391,0.0,0.8081567860559692,0.9206798866855525,0.45,0.0,1.0
103,0.9473684210526315,0.7777777777777777,0.2631578947368421,0.03571428571428581,0.9466681809655206,0.5606267425650557,0.0,0.8016815138615866,0.9461756373937678,0.4,0.0,1.0
104,0.42105263157894735,0.4444444444444444,0.2631578947368421,0.03571428571428581,0.9466681809655206,0.5589422630111525,0.0,0.8040686888891394,0.9235127478753542,0.35000000000000003,0.0,1.0
105,0.3684210526315789,0.3333333333333333,0.2631578947368421,0.03571428571428581,0.9466681809655206,0.5497211895910781,0.0,0.8082989451129448,0.9263456090651558,0.25,0.0,1.0
106,0.3157894736842105,0.2222222222222222,0.2631578947368421,0.03571428571428581,0.9466681809655206,0.563981180297398,0.0,0.8031530613648775,0.9235127478753542,0.65,0.0,1.0
107,0.5263157894736842,0.6666666666666666,0.2631578947368421,0.03571428571428581,0.9466681809655206,0.5644023001858738,0.0,0.803114005364578,0.9291784702549576,0.7000000000000001,0.0,1.0
108,0.10526315789473684,0.0,0.2631578947368421,0.03571428571428581,0.9466681809655206,0.565447839219331,0.0,0.8016207614218531,0.9178470254957507,0.5,1.0,1.0
109,0.7894736842105263,1.0,0.2631578947368421,0.03571428571428581,0.9466681809655206,0.5872153810408922,0.0,0.7910626269417174,0.9320113314447592,0.8500000000000001,1.0,1.0
110,1.0,1.0,0.2631578947368421,0.03571428571428581,0.9466681809655206,0.588377091078067,0.0,0.7912559657128567,0.9235127478753542,0.9,1.0,1.0
111,0.0,0.0,0.2631578947368421,0.03571428571428581,0.9466681809655206,0.5478914962825279,0.0,0.8092640501202552,0.9461756373937678,0.1,1.0,1.0
112,0.894736842105263,0.8888888888888888,0.2631578947368421,0.03571428571428581,0.9466681809655206,0.5722583643122676,0.0,0.0,0.0,0.8,1.0,1.0
113,0.6842105263157894,0.8888888888888888,0.2631578947368421,0.03571428571428581,0.9466681809655206,0.5668854553903346,0.0,0.8027067746896477,0.9291784702549576,0.75,1.0,1.0
114,0.05263157894736842,0.1111111111111111,0.2631578947368421,0.03571428571428581,0.9466681809655206,0.5495324117100373,0.0,0.8099172886321354,0.9320113314447592,0.15000000000000002,1.0,1.0
115,0.631578947368421,0.7777777777777777,0.2631578947368421,0.03571428571428581,0.9466681809655206,0.5598425882899629,0.0,0.8021232960466371,0.943342776203966,0.6000000000000001,1.0,1.0
116,0.05263157894736842,0.1111111111111111,0.3157894736842105,0.1071428571428572,0.8767186662102846,0.38147653345724897,0.0,0.8860731235119875,0.9320113314447592,0.05,0.0,0.0
117,0.0,0.0,0.3157894736842105,0.1071428571428572,0.8767186662102846,0.3852230483271377,0.0,0.8833317028124553,0.9206798866855525,0.1,0.0,0.0
118,0.21052631578947367,0.1111111111111111,0.3157894736842105,0.1071428571428572,0.8767186662102846,0.38808375929368033,0.0,0.8815969368254689,0.9291784702549576,0.2,0.0,0.0
119,0.10526315789473684,0.0,0.3157894736842105,0.1071428571428572,0.8767186662102846,0.3870817843866172,0.0,0.8825232376353879,0.9263456090651558,0.15000000000000002,0.0,0.0
120,0.15789473684210525,0.2222222222222222,0.3157894736842105,0.1071428571428572,0.8767186662102846,0.39980250929368033,0.0,0.8740210621487126,0.9235127478753542,0.4,0.0,0.0
121,0.3157894736842105,0.2222222222222222,0.3157894736842105,0.1071428571428572,0.8767186662102846,0.40169028810408935,0.0,0.8728649764486571,0.9235127478753542,0.5,0.0,0.0
122,0.8421052631578947,0.4444444444444444,0.3157894736842105,0.1071428571428572,0.8767186662102846,0.3942263011152416,0.0,0.8787669119849341,0.9206798866855525,0.30000000000000004,0.0,0.0
123,0.9473684210526315,0.7777777777777777,0.3157894736842105,0.1071428571428572,0.8767186662102846,0.40108039033457255,0.0,0.8741725126879863,0.9291784702549576,0.45,0.0,0.0
124,0.7368421052631579,0.5555555555555556,0.3157894736842105,0.1071428571428572,0.8767186662102846,0.40728101765799263,1.0,0.8688167552099074,0.9206798866855525,0.6000000000000001,0.0,0.0
125,0.47368421052631576,0.5555555555555556,0.3157894736842105,0.1071428571428572,0.8767186662102846,1.0,0.0,0.6013735344292721,0.9121813031161473,0.9500000000000001,0.0,0.0
126,0.3684210526315789,0.3333333333333333,0.3157894736842105,0.1071428571428572,0.8767186662102846,0.39381970260223054,0.0,0.877821252116926,0.9206798866855525,0.25,1.0,0.0
127,0.6842105263157894,0.8888888888888888,0.3157894736842105,0.1071428571428572,0.8767186662102846,0.41160838754646845,1.0,0.8683000378510163,0.9263456090651558,0.7000000000000001,1.0,0.0
128,0.631578947368421,0.7777777777777777,0.3157894736842105,0.1071428571428572,0.8767186662102846,0.4068308550185875,1.0,0.8705780865558896,0.9291784702549576,0.55,1.0,0.0
129,0.5789473684210527,0.6666666666666666,0.3157894736842105,0.1071428571428572,0.8767186662102846,0.40794900092936803,0.0,0.8693967723495546,0.9291784702549576,0.65,1.0,0.0
130,0.2631578947368421,0.3333333333333333,0.3157894736842105,0.1071428571428572,0.8767186662102846,0.3959543447955389,0.0,0.8774812474246261,0.9206798866855525,0.35000000000000003,1.0,0.0
131,0.5263157894736842,0.6666666666666666,0.3157894736842105,0.1071428571428572,0.8767186662102846,0.4303264405204461,0.0,0.8547364899255259,0.9150141643059491,0.8500000000000001,1.0,0.0
132,0.894736842105263,0.8888888888888888,0.3157894736842105,0.1071428571428572,0.8767186662102846,0.4260861988847584,0.0,0.8536762063729412,0.9291784702549576,0.8,1.0,0.0
133,0.7894736842105263,1.0,0.3157894736842105,0.1071428571428572,0.8767186662102846,0.4243436338289963,0.0,0.858883220151781,0.9291784702549576,0.75,1.0,0.0
134,1.0,1.0,0.3157894736842105,0.1071428571428572,0.8767186662102846,0.433230715613383,0.0,0.8535726437933863,0.9206798866855525,0.9,1.0,0.0
135,0.05263157894736842,0.1111111111111111,0.3684210526315789,0.75,0.3643126223517006,0.0017570864312268508,0.0,0.9301515167757347,0.9093484419263457,0.05,0.0,0.0
136,0.0,0.0,0.3684210526315789,0.75,0.3643126223517006,0.005038917286245281,0.0,0.926827769361269,0.9008498583569405,0.1,0.0,0.0
137,0.10526315789473684,0.0,0.3684210526315789,0.75,0.3643126223517006,0.004574233271375516,0.0,0.928002361504136,0.9036827195467423,0.25,0.0,0.0
138,0.21052631578947367,0.1111111111111111,0.3684210526315789,0.75,0.3643126223517006,0.006505576208178598,0.0,0.9273244400426249,0.9065155807365439,0.2,0.0,0.0
139,0.15789473684210525,0.2222222222222222,0.3684210526315789,0.75,0.3643126223517006,0.005808550185873784,0.0,0.924540634892165,0.9150141643059491,0.15000000000000002,0.0,0.0
140,0.3684210526315789,0.3333333333333333,0.3684210526315789,0.75,0.3643126223517006,0.015683085501858707,0.0,0.9166687457897758,0.8895184135977338,0.6000000000000001,0.0,0.0
141,0.2631578947368421,0.3333333333333333,0.3684210526315789,0.75,0.3643126223517006,0.01092007434944231,0.0,0.9217641493128993,0.8951841359773371,0.35000000000000003,0.0,0.0
142,0.47368421052631576,0.5555555555555556,0.3684210526315789,0.75,0.3643126223517006,0.014347118959107896,0.0,0.9186085137872146,0.8980169971671389,0.45,0.0,0.0
143,0.9473684210526315,0.7777777777777777,0.3684210526315789,0.75,0.3643126223517006,0.012401254646840165,0.0,0.9231241902252828,0.9121813031161473,0.4,0.0,0.0
144,0.42105263157894735,0.4444444444444444,0.3684210526315789,0.75,0.3643126223517006,0.01152997211895912,0.0,0.9221936359168099,0.8951841359773371,0.55,0.0,0.0
145,0.5263157894736842,0.6666666666666666,0.3684210526315789,0.75,0.3643126223517006,0.02481703066914509,0.0,0.9095214038693227,0.9036827195467423,0.9,1.0,0.0
146,0.7368421052631579,0.5555555555555556,0.3684210526315789,0.75,0.3643126223517006,0.01677218866171004,0.0,0.9166983283082552,0.8923512747875354,0.7000000000000001,1.0,0.0
147,0.3157894736842105,0.2222222222222222,0.3684210526315789,0.75,0.3643126223517006,0.015799256505576342,0.0,0.916783589352587,0.9093484419263457,0.65,1.0,0.0
148,0.631578947368421,0.7777777777777777,0.3684210526315789,0.75,0.3643126223517006,0.021738499070631967,0.0,0.9126077907508569,0.8980169971671389,0.8500000000000001,1.0,0.0
149,0.5789473684210527,0.6666666666666666,0.3684210526315789,0.75,0.3643126223517006,0.017324000929368033,0.0,0.9194459781993932,0.9150141643059491,0.75,1.0,0.0
150,0.7894736842105263,1.0,0.3684210526315789,0.75,0.3643126223517006,0.033704112453531665,0.0,0.9035259118545728,0.8951841359773371,0.9500000000000001,1.0,0.0
151,0.894736842105263,0.8888888888888888,0.3684210526315789,0.75,0.3643126223517006,0.02112860130111527,0.0,0.9122505438289422,0.9121813031161473,0.8,1.0,0.0
152,1.0,1.0,0.3684210526315789,0.75,0.3643126223517006,0.03589684014869887,0.0,0.9017332064604032,0.9008498583569405,1.0,1.0,0.0
153,0.6842105263157894,0.8888888888888888,0.3684210526315789,0.75,0.3643126223517006,0.013809828066914664,0.0,0.9193216637862732,0.9121813031161473,0.5,1.0,0.0
154,0.8421052631578947,0.4444444444444444,0.3684210526315789,0.75,0.3643126223517006,0.007493029739777057,0.0,0.9258199827327502,0.9121813031161473,0.30000000000000004,1.0,0.0
155,0.05263157894736842,0.1111111111111111,0.42105263157894735,0.75,0.3611230731340578,0.0,0.0,0.9323150414785529,0.9065155807365439,0.05,0.0,0.0
156,0.10526315789473684,0.0,0.42105263157894735,0.75,0.3611230731340578,0.0047775325278811565,0.0,0.9279735137823695,0.8923512747875354,0.25,0.0,0.0
157,0.15789473684210525,0.2222222222222222,0.42105263157894735,0.75,0.3611230731340578,0.0006970260223049252,0.0,0.9306582095250943,0.9093484419263457,0.1,0.0,0.0
158,0.0,0.0,0.42105263157894735,0.75,0.3611230731340578,0.0042692843866171115,0.0,0.9301370929148515,0.8895184135977338,0.2,0.0,0.0
159,0.3684210526315789,0.3333333333333333,0.42105263157894735,0.75,0.3611230731340578,0.012183434014869876,1.0,0.9212043797837877,0.8980169971671389,0.5,0.0,0.0
160,0.21052631578947367,0.1111111111111111,0.42105263157894735,0.75,0.3611230731340578,0.00392077137546476,0.0,0.9295352096935436,0.9121813031161473,0.15000000000000002,0.0,0.0
161,0.3157894736842105,0.2222222222222222,0.42105263157894735,0.75,0.3611230731340578,0.014506854089219257,0.0,0.9181663607877986,0.9008498583569405,0.65,0.0,0.0
162,0.2631578947368421,0.3333333333333333,0.42105263157894735,0.75,0.3611230731340578,0.012778810408921926,1.0,0.9193644527862167,0.8951841359773371,0.6000000000000001,0.0,0.0
163,0.8421052631578947,0.4444444444444444,0.42105263157894735,0.75,0.3611230731340578,0.005619772304832793,0.0,0.9260169850906413,0.9121813031161473,0.30000000000000004,0.0,0.0
164,0.9473684210526315,0.7777777777777777,0.42105263157894735,0.75,0.3611230731340578,0.016496282527881045,0.0,0.9180909253656759,0.9008498583569405,0.7000000000000001,0.0,0.0
165,0.6842105263157894,0.8888888888888888,0.42105263157894735,0.75,0.3611230731340578,0.012648118029739752,0.0,0.9211199194070333,0.9178470254957507,0.4,1.0,0.0
166,0.42105263157894735,0.4444444444444444,0.42105263157894735,0.75,0.3611230731340578,0.008030320631970289,0.0,0.9249012314142453,0.9121813031161473,0.35000000000000003,1.0,0.0
167,0.47368421052631576,0.5555555555555556,0.42105263157894735,0.75,0.3611230731340578,0.013040195167286273,0.0,0.9195021865323035,0.9036827195467423,0.45,1.0,0.0
168,0.5789473684210527,0.6666666666666666,0.42105263157894735,0.75,0.3611230731340578,0.019792634758364347,0.0,0.9155155402912984,0.9008498583569405,0.75,1.0,0.0
169,0.5263157894736842,0.6666666666666666,0.42105263157894735,0.75,0.3611230731340578,0.018718052973977772,0.0,0.9173519963147996,0.9150141643059491,0.8,1.0,0.0
170,0.894736842105263,0.8888888888888888,0.42105263157894735,0.75,0.3611230731340578,0.021419028810408913,0.0,0.9111279400785725,0.9093484419263457,0.9,1.0,0.0
171,0.7368421052631579,0.5555555555555556,0.42105263157894735,0.75,0.3611230731340578,0.012343169144981347,0.0,0.920646840717108,0.9065155807365439,0.55,1.0,0.0
172,0.7894736842105263,1.0,0.42105263157894735,0.75,0.3611230731340578,0.024787987918215793,0.0,0.9112274112969596,0.9093484419263457,0.9500000000000001,1.0,0.0
173,1.0,1.0,0.42105263157894735,0.75,0.3611230731340578,0.03239718866171004,0.0,0.9043800781563647,0.8980169971671389,1.0,1.0,0.0
174,0.631578947368421,0.7777777777777777,0.42105263157894735,0.75,0.3611230731340578,0.01932795074349447,0.0,0.9152062600324473,0.8923512747875354,0.8500000000000001,1.0,0.0
175,0.0,0.0,0.47368421052631576,0.0714285714285714,0.8988664648539526,0.3254821096654277,0.0,0.9359840748676268,0.9206798866855525,0.1,0.0,0.0
176,0.2631578947368421,0.3333333333333333,0.47368421052631576,0.0714285714285714,0.8988664648539526,0.33555994423791824,0.0,0.9273693054220573,0.9178470254957507,0.2,0.0,0.0
177,0.10526315789473684,0.0,0.47368421052631576,0.0714285714285714,0.8988664648539526,0.32829925650557623,0.0,0.9328184127379834,0.9065155807365439,0.15000000000000002,0.0,0.0
178,0.15789473684210525,0.2222222222222222,0.47368421052631576,0.0714285714285714,0.8988664648539526,0.33656191914498157,0.0,0.9252618279363256,0.9121813031161473,0.25,0.0,0.0
179,0.3157894736842105,0.2222222222222222,0.47368421052631576,0.0714285714285714,0.8988664648539526,0.33659096189591087,0.0,0.9265159446825922,0.9150141643059491,0.30000000000000004,0.0,0.0
180,0.3684210526315789,0.3333333333333333,0.47368421052631576,0.0714285714285714,0.8988664648539526,0.3381592704460967,0.0,0.9247088735339818,0.9093484419263457,0.5,0.0,0.0
181,0.9473684210526315,0.7777777777777777,0.47368421052631576,0.0714285714285714,0.8988664648539526,0.3416153578066916,0.0,0.9226210660471106,0.9206798866855525,0.35000000000000003,0.0,0.0
182,0.47368421052631576,0.5555555555555556,0.47368421052631576,0.0714285714285714,0.8988664648539526,0.3477143355018588,0.0,0.9177078346459381,0.9206798866855525,0.7000000000000001,0.0,0.0
183,0.631578947368421,0.7777777777777777,0.47368421052631576,0.0714285714285714,0.8988664648539526,0.3429948884758365,0.0,0.9219396511850206,0.9206798866855525,0.45,0.0,0.0
184,0.42105263157894735,0.4444444444444444,0.47368421052631576,0.0714285714285714,0.8988664648539526,0.35320341542750944,0.0,0.9143689439181526,0.9263456090651558,0.8,0.0,0.0
185,0.8421052631578947,0.4444444444444444,0.47368421052631576,0.0714285714285714,0.8988664648539526,0.34202195631970267,0.0,0.9212526303732556,0.9178470254957507,0.55,1.0,0.0
186,0.6842105263157894,0.8888888888888888,0.47368421052631576,0.0714285714285714,0.8988664648539526,0.33763650092936803,0.0,0.924856847247285,0.9121813031161473,0.6000000000000001,1.0,0.0
187,0.5789473684210527,0.6666666666666666,0.47368421052631576,0.0714285714285714,0.8988664648539526,0.3470173094795541,0.0,0.9192592827533886,0.9263456090651558,0.75,1.0,0.0
188,0.894736842105263,0.8888888888888888,0.47368421052631576,0.0714285714285714,0.8988664648539526,0.3562674256505578,0.0,0.9118494452103072,0.9150141643059491,0.8500000000000001,1.0,0.0
189,0.5263157894736842,0.6666666666666666,0.47368421052631576,0.0714285714285714,0.8988664648539526,0.3534793215613383,0.0,0.9145400125275589,0.9291784702549576,0.65,1.0,0.0
190,0.21052631578947367,0.1111111111111111,0.47368421052631576,0.0714285714285714,0.8988664648539526,0.33579228624535307,0.0,0.9280463922373584,0.9150141643059491,0.0,1.0,0.0
191,1.0,1.0,0.47368421052631576,0.0714285714285714,0.8988664648539526,0.36784096189591087,0.0,0.9036158003231379,0.9263456090651558,0.9500000000000001,1.0,0.0
192,0.7894736842105263,1.0,0.47368421052631576,0.0714285714285714,0.8988664648539526,0.36329577137546476,0.0,0.906841076218967,0.9235127478753542,0.9,1.0,0.0
193,0.7368421052631579,0.5555555555555556,0.47368421052631576,0.0714285714285714,0.8988664648539526,0.34065694702602234,0.0,0.9236125149207183,0.9178470254957507,0.4,1.0,0.0
194,0.05263157894736842,0.1111111111111111,0.47368421052631576,0.0714285714285714,0.8988664648539526,0.3265712128252789,0.0,0.9340347406557374,0.9093484419263457,0.05,1.0,0.0
195,0.631578947368421,0.7777777777777777,0.5263157894736842,0.7142857142857144,0.3840937564326228,0.1878049488847584,0.0,0.7857874339186836,0.8725212464589236,0.4,0.0,0.5
196,0.0,0.0,0.5263157894736842,0.7142857142857144,0.3840937564326228,0.16988557156133832,0.0,0.7949886400778114,0.8838526912181304,0.05,0.0,0.5
197,0.3684210526315789,0.3333333333333333,0.5263157894736842,0.7142857142857144,0.3840937564326228,0.1877468633828998,0.0,0.7835557214670943,0.8895184135977338,0.75,0.0,0.5
198,0.9473684210526315,0.7777777777777777,0.5263157894736842,0.7142857142857144,0.3840937564326228,0.18870527416356886,0.0,0.7836616063364463,0.8725212464589236,0.45,0.0,0.5
199,0.8421052631578947,0.4444444444444444,0.5263157894736842,0.7142857142857144,0.3840937564326228,0.1853363150557621,0.0,0.7866783735954639,0.8753541076487252,0.25,0.0,0.5
200,0.42105263157894735,0.4444444444444444,0.5263157894736842,0.7142857142857144,0.3840937564326228,0.20618901022304836,0.0,0.7714229822161031,0.8696883852691218,0.8,0.0,0.5
201,0.894736842105263,0.8888888888888888,0.5263157894736842,0.7142857142857144,0.3840937564326228,0.2078880111524164,0.0,0.7718256038143368,0.8895184135977338,0.9,0.0,0.5
202,0.6842105263157894,0.8888888888888888,0.5263157894736842,0.7142857142857144,0.3840937564326228,0.20655204460966559,0.0,0.7727680662812979,0.878186968838527,0.8500000000000001,0.0,0.5
203,0.05263157894736842,0.1111111111111111,0.5263157894736842,0.7142857142857144,0.3840937564326228,0.1759990706319703,0.0,0.7923065246777734,0.8838526912181304,0.15000000000000002,0.0,0.5
204,0.5263157894736842,0.6666666666666666,0.5263157894736842,0.7142857142857144,0.3840937564326228,0.20103392193308545,0.0,0.7750467979424831,0.9065155807365439,0.65,0.0,0.5
205,0.3157894736842105,0.2222222222222222,0.5263157894736842,0.7142857142857144,0.3840937564326228,0.19097060873605942,0.0,0.7810193183116332,0.8895184135977338,0.55,1.0,0.5
206,0.5789473684210527,0.6666666666666666,0.5263157894736842,0.7142857142857144,0.3840937564326228,0.20130982806691455,0.0,0.7750587504253331,0.9036827195467423,0.0,1.0,0.5
207,1.0,1.0,0.5263157894736842,0.7142857142857144,0.3840937564326228,0.22075394981412644,0.0,0.7617409431349907,0.9036827195467423,0.9500000000000001,1.0,0.5
208,0.15789473684210525,0.2222222222222222,0.5263157894736842,0.7142857142857144,0.3840937564326228,0.1854234433085502,0.0,0.7866175906564433,0.8838526912181304,0.30000000000000004,1.0,0.5
209,0.10526315789473684,0.0,0.5263157894736842,0.7142857142857144,0.3840937564326228,0.17445980483271373,0.0,0.7910907983855053,0.878186968838527,0.1,1.0,0.5
210,0.21052631578947367,0.1111111111111111,0.5263157894736842,0.7142857142857144,0.3840937564326228,0.18443598977695186,0.0,0.7877960130665019,0.8725212464589236,0.2,1.0,0.5
211,0.2631578947368421,0.3333333333333333,0.5263157894736842,0.7142857142857144,0.3840937564326228,0.18552509293680286,0.0,0.7846026952219965,0.8810198300283286,0.35000000000000003,1.0,0.5
212,0.47368421052631576,0.5555555555555556,0.5263157894736842,0.7142857142857144,0.3840937564326228,0.1912900789962826,0.0,0.7811929594607996,0.8923512747875354,0.6000000000000001,1.0,0.5
213,0.7368421052631579,0.5555555555555556,0.5263157894736842,0.7142857142857144,0.3840937564326228,0.1892135223048328,0.0,0.7827324692267922,0.8810198300283286,0.5,1.0,0.5
214,0.05263157894736842,0.1111111111111111,0.5789473684210527,0.7857142857142856,0.341091530040297,0.07500290427509304,0.0,0.8500675177658173,0.8753541076487252,0.05,0.0,0.5
215,0.0,0.0,0.5789473684210527,0.7857142857142856,0.341091530040297,0.07555471654275103,0.0,0.8485226664198147,0.8951841359773371,0.1,0.0,0.5
216,0.10526315789473684,0.0,0.5789473684210527,0.7857142857142856,0.341091530040297,0.07989660780669139,0.0,0.8444840000309103,0.8895184135977338,0.15000000000000002,0.0,0.5
217,0.8421052631578947,0.4444444444444444,0.5789473684210527,0.7857142857142856,0.341091530040297,0.08361407992565062,0.0,0.8420132920648097,0.8753541076487252,0.2,0.0,0.5
218,0.2631578947368421,0.3333333333333333,0.5789473684210527,0.7857142857142856,0.341091530040297,0.08432562732342008,0.0,0.843301058357227,0.8725212464589236,0.25,0.0,0.5
219,0.9473684210526315,0.7777777777777777,0.5789473684210527,0.7857142857142856,0.341091530040297,0.09055529739776969,0.0,0.8378084228389076,0.8895184135977338,0.45,0.0,0.5
220,0.3684210526315789,0.3333333333333333,0.5789473684210527,0.7857142857142856,0.341091530040297,0.08447084107806702,0.0,0.8413760468891802,0.8753541076487252,0.30000000000000004,0.0,0.5
221,0.21052631578947367,0.1111111111111111,0.5789473684210527,0.7857142857142856,0.341091530040297,0.09889056691449816,0.0,0.8294182752872201,0.8810198300283286,0.0,0.0,0.5
222,0.631578947368421,0.7777777777777777,0.5789473684210527,0.7857142857142856,0.341091530040297,0.09022130576208198,0.0,0.8375579135849427,0.886685552407932,0.4,0.0,0.5
223,0.15789473684210525,0.2222222222222222,0.5789473684210527,0.7857142857142856,0.341091530040297,0.09708991635687747,0.0,0.833083054134823,0.8725212464589236,0.65,0.0,0.5
224,0.3157894736842105,0.2222222222222222,0.5789473684210527,0.7857142857142856,0.341091530040297,0.09360478624535307,0.0,0.8372386361994372,0.8838526912181304,0.5,1.0,0.5
225,0.47368421052631576,0.5555555555555556,0.5789473684210527,0.7857142857142856,0.341091530040297,0.09652358271375472,0.0,0.8334776321760586,0.878186968838527,0.6000000000000001,1.0,0.5
226,0.7368421052631579,0.5555555555555556,0.5789473684210527,0.7857142857142856,0.341091530040297,0.10180936338289959,0.0,0.8289070029838737,0.8810198300283286,0.75,1.0,0.5
227,0.5789473684210527,0.6666666666666666,0.5789473684210527,0.7857142857142856,0.341091530040297,0.0852404739776953,0.0,0.8416282897712002,0.8980169971671389,0.35000000000000003,1.0,0.5
228,0.894736842105263,0.8888888888888888,0.5789473684210527,0.7857142857142856,0.341091530040297,0.10805355483271373,0.0,0.8235054231855011,0.8810198300283286,0.0,1.0,0.5
229,0.6842105263157894,0.8888888888888888,0.5789473684210527,0.7857142857142856,0.341091530040297,0.09601533457249056,0.0,0.8320241205158616,0.8810198300283286,0.55,1.0,0.5
230,0.7894736842105263,1.0,0.5789473684210527,0.7857142857142856,0.341091530040297,0.11133538568773238,0.0,0.8202213280150827,0.9036827195467423,0.8500000000000001,1.0,0.5
231,0.42105263157894735,0.4444444444444444,0.5789473684210527,0.7857142857142856,0.341091530040297,0.11027532527881045,0.0,0.8213230965778173,0.8696883852691218,0.7000000000000001,1.0,0.5
232,1.0,1.0,0.5789473684210527,0.7857142857142856,0.341091530040297,0.11842181691449816,0.0,0.8144390737714102,0.8838526912181304,0.9,1.0,0.5
233,0.3157894736842105,0.2222222222222222,0.631578947368421,0.1071428571428572,0.874963250931331,0.23633538568773238,0.0,0.9955202805169979,0.9575070821529745,0.1,0.0,0.75
234,0.15789473684210525,0.2222222222222222,0.631578947368421,0.1071428571428572,0.874963250931331,0.23624825743494426,0.0,0.9951851429782841,0.9546742209631729,0.15000000000000002,0.0,0.75
235,0.10526315789473684,0.0,0.631578947368421,0.1071428571428572,0.874963250931331,0.22994598048327153,0.0,1.0,0.9575070821529745,0.9500000000000001,0.0,0.75
236,0.2631578947368421,0.3333333333333333,0.631578947368421,0.1071428571428572,0.874963250931331,0.24381389405204468,0.0,0.9881284193491631,0.9490084985835695,0.25,0.0,0.75
237,0.21052631578947367,0.1111111111111111,0.631578947368421,0.1071428571428572,0.874963250931331,0.24528055297397788,0.0,0.987596946719943,0.934844192634561,0.4,0.0,0.75
238,0.3684210526315789,0.3333333333333333,0.631578947368421,0.1071428571428572,0.874963250931331,0.24311686802973997,0.0,0.9884907654524384,0.9490084985835695,0.30000000000000004,0.0,0.75
239,0.47368421052631576,0.5555555555555556,0.631578947368421,0.1071428571428572,0.874963250931331,0.2512197955390334,0.0,0.9826982429674819,0.9603399433427763,0.45,0.0,0.75
240,0.9473684210526315,0.7777777777777777,0.631578947368421,0.1071428571428572,0.874963250931331,0.2519313429368031,0.0,0.9815106784214307,0.9660056657223797,0.5,0.0,0.75
241,0.6842105263157894,0.8888888888888888,0.631578947368421,0.1071428571428572,0.874963250931331,0.2566217472118959,0.0,0.9777348096499822,0.9716713881019831,0.7000000000000001,0.0,0.75
242,0.631578947368421,0.7777777777777777,0.631578947368421,0.1071428571428572,0.874963250931331,0.25242506970260226,0.0,0.9807113561308193,0.9631728045325779,0.6000000000000001,0.0,0.75
243,0.894736842105263,0.8888888888888888,0.631578947368421,0.1071428571428572,0.874963250931331,0.26436164033457255,0.0,0.9719571529543184,0.9518413597733711,0.65,1.0,0.75
244,0.7368421052631579,0.5555555555555556,0.631578947368421,0.1071428571428572,0.874963250931331,0.2496660083643123,0.0,0.9831120158154875,0.9490084985835695,0.55,1.0,0.75
245,0.5789473684210527,0.6666666666666666,0.631578947368421,0.1071428571428572,0.874963250931331,0.2481412639405205,0.0,0.9859640454691226,0.9688385269121813,0.35000000000000003,1.0,0.75
246,0.7894736842105263,1.0,0.631578947368421,0.1071428571428572,0.874963250931331,0.2690520446096656,0.0,0.9691824843257082,0.9603399433427763,0.9,1.0,0.75
247,1.0,1.0,0.631578947368421,0.1071428571428572,0.874963250931331,0.2758480483271375,0.0,0.961830088959803,0.9688385269121813,0.8,1.0,0.75
248,0.0,0.0,0.631578947368421,0.1071428571428572,0.874963250931331,0.23134003252788093,0.0,0.9999188603354546,0.9575070821529745,0.2,1.0,0.75
249,0.05263157894736842,0.1111111111111111,0.631578947368421,0.1071428571428572,0.874963250931331,0.23591426579925656,0.0,0.9952108163267999,0.9490084985835695,0.05,1.0,0.75
250,0.8421052631578947,0.4444444444444444,0.631578947368421,0.1071428571428572,0.874963250931331,0.24018355018587378,0.0,0.9912518144600767,0.9405099150141644,0.0,1.0,0.75
251,0.42105263157894735,0.4444444444444444,0.631578947368421,0.1071428571428572,0.874963250931331,0.26505866635687747,0.0,0.9708211197682816,0.943342776203966,0.0,1.0,0.75
252,0.10526315789473684,0.0,0.6842105263157894,0.2857142857142856,0.7034877528789945,0.2799430762081785,0.0,0.8757709615966777,0.9178470254957507,0.05,0.0,0.0
253,0.05263157894736842,0.1111111111111111,0.6842105263157894,0.2857142857142856,0.7034877528789945,0.28281830855018586,0.0,0.8744558056773911,0.8895184135977338,0.1,0.0,0.0
254,0.21052631578947367,0.1111111111111111,0.6842105263157894,0.2857142857142856,0.7034877528789945,0.2902242100371748,0.0,0.8691835195152919,0.9008498583569405,0.30000000000000004,0.0,0.0
255,0.2631578947368421,0.3333333333333333,0.6842105263157894,0.2857142857142856,0.7034877528789945,0.2838202834572492,0.0,0.8730262743098222,0.9150141643059491,0.15000000000000002,0.0,0.0
256,0.0,0.0,0.6842105263157894,0.2857142857142856,0.7034877528789945,0.27805529739776946,0.0,0.8758792944175409,0.9093484419263457,0.55,0.0,0.0
257,0.8421052631578947,0.4444444444444444,0.6842105263157894,0.2857142857142856,0.7034877528789945,0.28470608736059466,0.0,0.8736361618379188,0.9093484419263457,0.2,0.0,0.0
258,0.15789473684210525,0.2222222222222222,0.6842105263157894,0.2857142857142856,0.7034877528789945,0.2938255111524164,0.0,0.8674907005817142,0.9036827195467423,0.35000000000000003,0.0,0.0
259,0.3684210526315789,0.3333333333333333,0.6842105263157894,0.2857142857142856,0.7034877528789945,0.311585153345725,0.0,0.8538338064619682,0.9065155807365439,0.9500000000000001,0.0,0.0
260,0.47368421052631576,0.5555555555555556,0.6842105263157894,0.2857142857142856,0.7034877528789945,0.2989225139405205,0.0,0.864473908630114,0.9036827195467423,0.4,0.0,0.0
261,0.631578947368421,0.7777777777777777,0.6842105263157894,0.2857142857142856,0.7034877528789945,0.30672049256505574,1.0,0.8569205944125671,0.9263456090651558,0.6000000000000001,0.0,0.0
262,0.5789473684210527,0.6666666666666666,0.6842105263157894,0.2857142857142856,0.7034877528789945,0.3297804368029742,0.0,0.841855167447207,0.9291784702549576,0.8,1.0,0.0
263,0.5263157894736842,0.6666666666666666,0.6842105263157894,0.2857142857142856,0.7034877528789945,0.3456813429368031,0.0,0.8329113943399161,0.9320113314447592,0.8500000000000001,1.0,0.0
264,0.3157894736842105,0.2222222222222222,0.6842105263157894,0.2857142857142856,0.7034877528789945,0.3218082016728625,0.0,0.8458949385910794,0.9036827195467423,1.0,1.0,0.0
265,0.42105263157894735,0.4444444444444444,0.6842105263157894,0.2857142857142856,0.7034877528789945,0.2998373605947955,0.0,0.8621312599358525,0.9093484419263457,0.45,1.0,0.0
266,0.6842105263157894,0.8888888888888888,0.6842105263157894,0.2857142857142856,0.7034877528789945,0.3091165195167287,0.0,0.856927686877123,0.8951841359773371,0.65,1.0,0.0
267,0.9473684210526315,0.7777777777777777,0.6842105263157894,0.2857142857142856,0.7034877528789945,0.2868988150557621,0.0,0.8714738333292127,0.9065155807365439,0.25,1.0,0.0
268,0.894736842105263,0.8888888888888888,0.6842105263157894,0.2857142857142856,0.7034877528789945,0.32478508364312275,0.0,0.843753032042031,0.934844192634561,0.75,1.0,0.0
269,0.7368421052631579,0.5555555555555556,0.6842105263157894,0.2857142857142856,0.7034877528789945,0.3060379879182158,1.0,0.8591471233842367,0.9065155807365439,0.5,1.0,0.0
270,0.7894736842105263,1.0,0.6842105263157894,0.2857142857142856,0.7034877528789945,0.3119191449814127,0.0,0.8556596094804921,0.9065155807365439,0.7000000000000001,1.0,0.0
271,1.0,1.0,0.6842105263157894,0.2857142857142856,0.7034877528789945,0.3590990938661711,0.0,0.8248796952079621,0.9291784702549576,0.9,1.0,0.0
272,0.05263157894736842,0.1111111111111111,0.7368421052631579,0.2142857142857144,0.7676880690952206,0.42387894981412644,0.0,0.808929029211088,0.9036827195467423,0.05,0.0,0.5
273,0.0,0.0,0.7368421052631579,0.2142857142857144,0.7676880690952206,0.4269139172862455,0.0,0.8079177935690123,0.9178470254957507,0.1,0.0,0.5
274,0.21052631578947367,0.1111111111111111,0.7368421052631579,0.2142857142857144,0.7676880690952206,0.42713173791821557,0.0,0.8070221539963914,0.9036827195467423,0.15000000000000002,0.0,0.5
275,0.2631578947368421,0.3333333333333333,0.7368421052631579,0.2142857142857144,0.7676880690952206,0.4339858271375465,0.0,0.8040500045605676,0.9150141643059491,0.2,0.0,0.5
276,0.3157894736842105,0.2222222222222222,0.7368421052631579,0.2142857142857144,0.7676880690952206,0.4369191449814127,0.0,0.8020473647590523,0.9150141643059491,0.30000000000000004,0.0,0.5
277,0.10526315789473684,0.0,0.7368421052631579,0.2142857142857144,0.7676880690952206,0.43208352695167274,0.0,0.8051842613842629,0.9150141643059491,0.45,0.0,0.5
278,0.3684210526315789,0.3333333333333333,0.7368421052631579,0.2142857142857144,0.7676880690952206,0.4366868029739779,0.0,0.8027240100271669,0.9121813031161473,0.25,0.0,0.5
279,0.15789473684210525,0.2222222222222222,0.7368421052631579,0.2142857142857144,0.7676880690952206,0.43806633364312275,0.0,0.7999764674220986,0.9150141643059491,0.35000000000000003,0.0,0.5
280,0.42105263157894735,0.4444444444444444,0.7368421052631579,0.2142857142857144,0.7676880690952206,0.4530378717472121,0.0,0.791690887516802,0.9121813031161473,0.5,0.0,0.5
281,0.7368421052631579,0.5555555555555556,0.7368421052631579,0.2142857142857144,0.7676880690952206,0.461489312267658,0.0,0.7884902624792044,0.9065155807365439,0.9,0.0,0.5
282,0.5789473684210527,0.6666666666666666,0.7368421052631579,0.2142857142857144,0.7676880690952206,0.4657585966542752,1.0,0.7864944765611335,0.9235127478753542,0.6000000000000001,1.0,0.5
283,0.47368421052631576,0.5555555555555556,0.7368421052631579,0.2142857142857144,0.7676880690952206,0.4685031366171004,0.0,0.7835329708978781,0.8951841359773371,0.65,1.0,0.5
284,0.5263157894736842,0.6666666666666666,0.7368421052631579,0.2142857142857144,0.7676880690952206,0.4732661477695168,0.0,0.7822275575333555,0.9178470254957507,0.75,1.0,0.5
285,0.6842105263157894,0.8888888888888888,0.7368421052631579,0.2142857142857144,0.7676880690952206,0.46482922862453546,1.0,0.7861852173575117,0.9121813031161473,1.0,1.0,0.5
286,0.894736842105263,0.8888888888888888,0.7368421052631579,0.2142857142857144,0.7676880690952206,0.46867739312267664,0.0,0.783904962270056,0.9036827195467423,0.7000000000000001,1.0,0.5
287,0.7894736842105263,1.0,0.7368421052631579,0.2142857142857144,0.7676880690952206,0.47599616635687725,0.0,0.7788020887667931,0.9065155807365439,0.8,1.0,0.5
288,1.0,1.0,0.7368421052631579,0.2142857142857144,0.7676880690952206,0.48030901486988853,0.0,0.776979443061264,0.9065155807365439,0.8500000000000001,1.0,0.5
289,0.9473684210526315,0.7777777777777777,0.7368421052631579,0.2142857142857144,0.7676880690952206,0.5928932388475838,0.0,0.7169666197416524,0.8895184135977338,0.9500000000000001,1.0,0.5
290,0.631578947368421,0.7777777777777777,0.7368421052631579,0.2142857142857144,0.7676880690952206,0.45970318308550184,1.0,0.7903505034464454,0.934844192634561,0.55,1.0,0.5
291,0.8421052631578947,0.4444444444444444,0.7368421052631579,0.2142857142857144,0.7676880690952206,0.44142077137546476,0.0,0.79988815355265,0.9150141643059491,0.4,1.0,0.5
292,0.05263157894736842,0.1111111111111111,0.7894736842105263,0.75,0.34598967168345385,0.18158980018587356,0.0,0.7713925532568917,0.9603399433427763,0.15000000000000002,0.0,1.0
293,0.0,0.0,0.7894736842105263,0.75,0.34598967168345385,0.17861291821561331,0.0,0.7717829732921713,0.9858356940509916,0.1,0.0,1.0
294,0.21052631578947367,0.1111111111111111,0.7894736842105263,0.75,0.34598967168345385,0.1832888011152416,0.0,0.7691164811990914,0.9575070821529745,0.2,0.0,1.0
295,0.8421052631578947,0.4444444444444444,0.7894736842105263,0.75,0.34598967168345385,0.1849442379182158,0.0,0.766707923937287,0.9943342776203966,0.25,0.0,1.0
296,0.2631578947368421,0.3333333333333333,0.7894736842105263,0.75,0.34598967168345385,0.19047688197026025,0.0,0.7638603571883947,0.9830028328611898,0.4,0.0,1.0
297,0.3684210526315789,0.3333333333333333,0.7894736842105263,0.75,0.34598967168345385,0.18937325743494426,0.0,0.766651808624198,0.9801699716713882,0.30000000000000004,0.0,1.0
298,0.7368421052631579,0.5555555555555556,0.7894736842105263,0.75,0.34598967168345385,0.203676812267658,1.0,0.7555184392130594,0.9801699716713882,0.45,0.0,1.0
299,0.5263157894736842,0.6666666666666666,0.7894736842105263,0.75,0.34598967168345385,0.20675534386617112,1.0,0.755530317686728,0.991501416430595,0.5,0.0,1.0
300,0.9473684210526315,0.7777777777777777,0.7894736842105263,0.75,0.34598967168345385,0.213928903345725,0.0,0.7478596657856507,0.9716713881019831,0.6000000000000001,0.0,1.0
301,0.15789473684210525,0.2222222222222222,0.7894736842105263,0.75,0.34598967168345385,0.4808027416356877,0.0,0.6081816635776502,0.9405099150141644,0.9,0.0,1.0
302,0.5789473684210527,0.6666666666666666,0.7894736842105263,0.75,0.34598967168345385,0.21157644052044633,1.0,0.7496885574348454,0.9858356940509916,0.55,1.0,1.0
303,0.3157894736842105,0.2222222222222222,0.7894736842105263,0.75,0.34598967168345385,0.18940230018587378,0.0,0.7625143761280929,1.0,0.35000000000000003,1.0,1.0
304,0.631578947368421,0.7777777777777777,0.7894736842105263,0.75,0.34598967168345385,0.21324639869888484,0.0,0.7482951248004132,0.9660056657223797,0.9500000000000001,1.0,1.0
305,0.47368421052631576,0.5555555555555556,0.7894736842105263,0.75,0.34598967168345385,0.249085153345725,0.0,0.7144456822383066,0.9745042492917847,1.0,1.0,1.0
306,0.10526315789473684,0.0,0.7894736842105263,0.75,0.34598967168345385,0.17650731877323422,0.0,0.7732878035714299,0.9801699716713882,0.05,1.0,1.0
307,0.6842105263157894,0.8888888888888888,0.7894736842105263,0.75,0.34598967168345385,0.20986291821561331,0.0,0.7509399272239623,0.9773371104815864,0.8,1.0,1.0
308,0.894736842105263,0.8888888888888888,0.7894736842105263,0.75,0.34598967168345385,0.21834340148698894,0.0,0.7459950273331492,0.9773371104815864,0.65,1.0,1.0
309,1.0,1.0,0.7894736842105263,0.75,0.34598967168345385,0.22628659386617112,0.0,0.7405271555572797,0.9716713881019831,0.75,1.0,1.0
310,0.7894736842105263,1.0,0.7894736842105263,0.75,0.34598967168345385,0.21982458178438669,0.0,0.7439299891952027,0.9716713881019831,0.7000000000000001,1.0,1.0
311,0.42105263157894735,0.4444444444444444,0.7894736842105263,0.75,0.34598967168345385,0.19513824349442377,0.0,0.7612725636843773,0.9660056657223797,0.8500000000000001,1.0,1.0
312,0.0,0.0,0.8421052631578947,0.75,0.33961243830941834,0.06119307620817849,0.0,0.8621116075674781,0.9206798866855525,0.5,0.0,0.5
313,0.05263157894736842,0.1111111111111111,0.8421052631578947,0.75,0.33961243830941834,0.06755343866171004,0.0,0.857088891857909,0.9178470254957507,0.1,0.0,0.5
314,0.10526315789473684,0.0,0.8421052631578947,0.75,0.33961243830941834,0.06896201208178432,0.0,0.8549753154431559,0.9150141643059491,0.05,0.0,0.5
315,0.21052631578947367,0.1111111111111111,0.8421052631578947,0.75,0.33961243830941834,0.06916531133829007,0.0,0.8564591989115206,0.9178470254957507,0.2,0.0,0.5
316,0.2631578947368421,0.3333333333333333,0.8421052631578947,0.75,0.33961243830941834,0.07609200743494426,0.0,0.8472771563149559,0.9206798866855525,0.30000000000000004,0.0,0.5
317,0.3684210526315789,0.3333333333333333,0.8421052631578947,0.75,0.33961243830941834,0.07414614312267653,0.0,0.8506846169328348,0.9178470254957507,0.15000000000000002,0.0,0.5
318,0.8421052631578947,0.4444444444444444,0.8421052631578947,0.75,0.33961243830941834,0.07343459572490718,0.0,0.8506539267225454,0.9121813031161473,0.35000000000000003,0.0,0.5
319,0.631578947368421,0.7777777777777777,0.8421052631578947,0.75,0.33961243830941834,0.07941740241635675,0.0,0.847854475689655,0.9178470254957507,0.4,0.0,0.5
320,0.9473684210526315,0.7777777777777777,0.8421052631578947,0.75,0.33961243830941834,0.07831377788104099,0.0,0.8478145095751245,0.9150141643059491,0.6000000000000001,0.0,0.5
321,0.15789473684210525,0.2222222222222222,0.8421052631578947,0.75,0.33961243830941834,0.07638243494423813,0.0,0.8483369570583119,0.9235127478753542,0.25,0.0,0.5
322,0.7368421052631579,0.5555555555555556,0.8421052631578947,0.75,0.33961243830941834,0.08246689126394058,0.0,0.8470050459405721,0.9093484419263457,0.45,1.0,0.5
323,0.5263157894736842,0.6666666666666666,0.8421052631578947,0.75,0.33961243830941834,0.08397711431226762,0.0,0.8431417470633199,0.9405099150141644,0.0,1.0,0.5
324,0.6842105263157894,0.8888888888888888,0.8421052631578947,0.75,0.33961243830941834,0.09051173327137563,0.0,0.8386258740886876,0.9121813031161473,0.8500000000000001,1.0,0.5
325,0.5789473684210527,0.6666666666666666,0.8421052631578947,0.75,0.33961243830941834,0.09449059014869898,0.0,0.83480231179133,0.9320113314447592,0.65,1.0,0.5
326,0.42105263157894735,0.4444444444444444,0.8421052631578947,0.75,0.33961243830941834,0.0836866868029742,0.0,0.8420327450063688,0.9093484419263457,0.75,1.0,0.5
327,0.894736842105263,0.8888888888888888,0.8421052631578947,0.75,0.33961243830941834,0.08969853624535329,0.0,0.8400630061245907,0.9150141643059491,0.8,1.0,0.5
328,1.0,1.0,0.8421052631578947,0.75,0.33961243830941834,0.09974732806691455,0.0,0.8319193629187303,0.9206798866855525,0.9500000000000001,1.0,0.5
329,0.7894736842105263,1.0,0.8421052631578947,0.75,0.33961243830941834,0.09597177044609673,0.0,0.8331522378589418,0.9206798866855525,0.9,1.0,0.5
330,0.3157894736842105,0.2222222222222222,0.8421052631578947,0.75,0.33961243830941834,0.0772391960966543,0.0,0.8494851952826554,0.9150141643059491,0.55,1.0,0.5
331,0.47368421052631576,0.5555555555555556,0.8421052631578947,0.75,0.33961243830941834,0.086300534386617,0.0,0.8445077040712526,0.9150141643059491,0.7000000000000001,1.0,0.5
332,0.0,0.0,0.894736842105263,0.25,0.7468633841654166,0.24841717007434938,0.0,0.9224701046426507,0.9036827195467423,0.05,0.0,0.5
333,0.05263157894736842,0.1111111111111111,0.894736842105263,0.25,0.7468633841654166,0.25502439591078074,0.0,0.9167668566624273,0.9065155807365439,0.35000000000000003,0.0,0.5
334,0.9473684210526315,0.7777777777777777,0.894736842105263,0.25,0.7468633841654166,0.2606586895910781,0.0,0.9118819151960955,0.9263456090651558,0.15000000000000002,0.0,0.5
335,0.21052631578947367,0.1111111111111111,0.894736842105263,0.25,0.7468633841654166,0.2704751394052045,0.0,0.9044065277504093,0.9036827195467423,0.55,0.0,0.5
336,0.631578947368421,0.7777777777777777,0.894736842105263,0.25,0.7468633841654166,0.26585734200743505,0.0,0.9086247057331444,0.9206798866855525,0.45,0.0,0.5
337,0.47368421052631576,0.5555555555555556,0.894736842105263,0.25,0.7468633841654166,0.2721305762081785,0.0,0.9030002176678797,0.9178470254957507,0.6000000000000001,0.0,0.5
338,0.3684210526315789,0.3333333333333333,0.894736842105263,0.25,0.7468633841654166,0.2631273234200744,0.0,0.9103666748010286,0.9150141643059491,0.25,0.0,0.5
339,0.2631578947368421,0.3333333333333333,0.894736842105263,0.25,0.7468633841654166,0.27217414033457255,0.0,0.9034192946055137,0.9178470254957507,0.65,0.0,0.5
340,0.15789473684210525,0.2222222222222222,0.894736842105263,0.25,0.7468633841654166,0.26154449349442377,0.0,0.9113628258967807,0.9263456090651558,0.2,0.0,0.5
341,0.7368421052631579,0.5555555555555556,0.894736842105263,0.25,0.7468633841654166,0.2768500232342008,0.0,0.8999625436664832,0.9150141643059491,0.5,0.0,0.5
342,0.8421052631578947,0.4444444444444444,0.894736842105263,0.25,0.7468633841654166,0.2602230483271377,0.0,0.9117836260980005,0.9093484419263457,0.1,1.0,0.5
343,0.3157894736842105,0.2222222222222222,0.894736842105263,0.25,0.7468633841654166,0.27412000464684017,0.0,0.9033866172927764,0.9178470254957507,0.7000000000000001,1.0,0.5
344,0.42105263157894735,0.4444444444444444,0.894736842105263,0.25,0.7468633841654166,0.26372269981412644,0.0,0.9104004291734179,0.9065155807365439,0.4,1.0,0.5
345,0.5263157894736842,0.6666666666666666,0.894736842105263,0.25,0.7468633841654166,0.28223745353159857,0.0,0.8962418560051499,0.9320113314447592,0.8,1.0,0.5
346,0.5789473684210527,0.6666666666666666,0.894736842105263,0.25,0.7468633841654166,0.28377671933085513,0.0,0.8961973719820203,0.9320113314447592,0.9,1.0,0.5
347,0.7894736842105263,1.0,0.894736842105263,0.25,0.7468633841654166,0.2858823187732342,0.0,0.8940064052763429,0.9235127478753542,0.9500000000000001,1.0,0.5
348,0.6842105263157894,0.8888888888888888,0.894736842105263,0.25,0.7468633841654166,0.276428903345725,0.0,0.8997003915352102,0.9093484419263457,0.75,1.0,0.5
349,1.0,1.0,0.894736842105263,0.25,0.7468633841654166,0.32148873141263934,0.0,0.8700280566608767,0.9490084985835695,1.0,1.0,0.5
350,0.894736842105263,0.8888888888888888,0.894736842105263,0.25,0.7468633841654166,0.28306517193308545,0.0,0.8950852714037784,0.9320113314447592,0.8500000000000001,1.0,0.5
351,0.10526315789473684,0.0,0.894736842105263,0.25,0.7468633841654166,0.2578705855018588,0.0,0.912998217602314,0.9093484419263457,0.30000000000000004,1.0,0.5
352,0.0,0.0,0.9473684210526315,0.0,1.0,0.34547804368029733,0.0,0.9649734907672105,0.9206798866855525,0.05,0.0,0.0
353,0.05263157894736842,0.1111111111111111,0.9473684210526315,0.0,1.0,0.3475400789962826,0.0,0.9628337664815739,0.9036827195467423,0.15000000000000002,0.0,0.0
354,0.10526315789473684,0.0,0.9473684210526315,0.0,1.0,0.34708991635687747,0.0,0.9646527992469731,0.9150141643059491,0.1,0.0,0.0
355,0.631578947368421,0.7777777777777777,0.9473684210526315,0.0,1.0,0.3619743262081785,0.0,0.9511805287171116,0.9121813031161473,0.45,0.0,0.0
356,0.3157894736842105,0.2222222222222222,0.9473684210526315,0.0,1.0,0.3622792750929369,1.0,0.9487134663961174,0.9206798866855525,0.55,0.0,0.0
357,0.8421052631578947,0.4444444444444444,0.9473684210526315,0.0,1.0,0.35439416821561354,0.0,0.957069199845727,0.9093484419263457,0.30000000000000004,0.0,0.0
358,0.2631578947368421,0.3333333333333333,0.9473684210526315,0.0,1.0,0.3533631505576209,0.0,0.9600440055553981,0.9263456090651558,0.2,0.0,0.0
359,0.3684210526315789,0.3333333333333333,0.9473684210526315,0.0,1.0,0.7250813197026023,1.0,0.7448735400017565,0.8838526912181304,0.75,0.0,0.0
360,0.5789473684210527,0.6666666666666666,0.9473684210526315,0.0,1.0,0.3635281133828998,0.0,0.9512013240937778,0.9320113314447592,0.5,0.0,0.0
361,0.15789473684210525,0.2222222222222222,0.9473684210526315,0.0,1.0,0.3551928438661711,0.0,0.9563668445215178,0.9065155807365439,0.35000000000000003,0.0,0.0
362,0.47368421052631576,0.5555555555555556,0.9473684210526315,0.0,1.0,0.37244423791821557,0.0,0.9433550104615327,0.9093484419263457,0.9,1.0,0.0
363,0.894736842105263,0.8888888888888888,0.9473684210526315,0.0,1.0,0.3696706552044611,0.0,0.9462766135750106,0.9065155807365439,0.8,1.0,0.0
364,0.9473684210526315,0.7777777777777777,0.9473684210526315,0.0,1.0,0.3659386617100373,1.0,0.9492794613451045,0.9093484419263457,0.65,1.0,0.0
365,0.42105263157894735,0.4444444444444444,0.9473684210526315,0.0,1.0,0.35899744423791824,0.0,0.9550172757120462,0.9065155807365439,0.4,1.0,0.0
366,0.5263157894736842,0.6666666666666666,0.9473684210526315,0.0,1.0,0.36543041356877337,1.0,0.9504630882221238,0.9206798866855525,0.6000000000000001,1.0,0.0
367,0.7368421052631579,0.5555555555555556,0.9473684210526315,0.0,1.0,0.36997560408921926,0.0,0.9449049492727127,0.9093484419263457,0.8500000000000001,1.0,0.0
368,0.21052631578947367,0.1111111111111111,0.9473684210526315,0.0,1.0,0.35436512546468424,0.0,0.9560017231460659,0.9150141643059491,0.25,1.0,0.0
369,1.0,1.0,0.9473684210526315,0.0,1.0,0.3884903578066914,0.0,0.9350029977283361,0.9206798866855525,1.0,1.0,0.0
370,0.6842105263157894,0.8888888888888888,0.9473684210526315,0.0,1.0,0.3678845260223049,1.0,0.9472226989644909,0.9178470254957507,0.7000000000000001,1.0,0.0
371,0.7894736842105263,1.0,0.9473684210526315,0.0,1.0,0.3738382899628254,0.0,0.9457993895954022,0.9206798866855525,0.9500000000000001,1.0,0.0
372,0.05263157894736842,0.1111111111111111,1.0,0.2857142857142856,0.6873623351666263,0.2670335734200744,0.0,0.8768313110441252,0.9206798866855525,0.05,0.0,0.0
373,0.0,0.0,1.0,0.2857142857142856,0.6873623351666263,0.27242100371747213,0.0,0.8755299582622175,0.9093484419263457,0.1,0.0,0.0
374,0.3684210526315789,0.3333333333333333,1.0,0.2857142857142856,0.6873623351666263,0.27985594795539037,0.0,0.8702984137296084,0.9150141643059491,0.25,0.0,0.0
375,0.42105263157894735,0.4444444444444444,1.0,0.2857142857142856,0.6873623351666263,0.2831668215613383,0.0,0.8681693518133443,0.9178470254957507,0.4,0.0,0.0
376,0.8421052631578947,0.4444444444444444,1.0,0.2857142857142856,0.6873623351666263,0.29511791356877337,1.0,0.8626213079382742,0.9150141643059491,0.6000000000000001,0.0,0.0
377,0.10526315789473684,0.0,1.0,0.2857142857142856,0.6873623351666263,0.2804948884758365,0.0,0.8694513530753024,0.9093484419263457,0.30000000000000004,0.0,0.0
378,0.15789473684210525,0.2222222222222222,1.0,0.2857142857142856,0.6873623351666263,0.2789701440520447,0.0,0.8696404101736035,0.9121813031161473,0.15000000000000002,0.0,0.0
379,0.9473684210526315,0.7777777777777777,1.0,0.2857142857142856,0.6873623351666263,0.2866519516728625,0.0,0.8652251465349273,0.9206798866855525,0.55,0.0,0.0
380,0.631578947368421,0.7777777777777777,1.0,0.2857142857142856,0.6873623351666263,0.2856209340148699,0.0,0.86645433788768,0.9235127478753542,0.45,0.0,0.0
381,0.2631578947368421,0.3333333333333333,1.0,0.2857142857142856,0.6873623351666263,0.2817437267657994,0.0,0.8702540582730195,0.9178470254957507,0.35000000000000003,0.0,0.0
382,0.7368421052631579,0.5555555555555556,1.0,0.2857142857142856,0.6873623351666263,0.2989225139405205,0.0,0.8578527795302843,0.9008498583569405,0.75,1.0,0.0
383,0.3157894736842105,0.2222222222222222,1.0,0.2857142857142856,0.6873623351666263,0.28591136152416374,0.0,0.8657890488310127,0.9121813031161473,0.5,1.0,0.0
384,0.47368421052631576,0.5555555555555556,1.0,0.2857142857142856,0.6873623351666263,0.2954519052044611,0.0,0.8590805385686633,0.9121813031161473,0.65,1.0,0.0
385,0.7894736842105263,1.0,1.0,0.2857142857142856,0.6873623351666263,0.3076498605947957,0.0,0.8525512678064378,0.9235127478753542,0.9500000000000001,1.0,0.0
386,0.21052631578947367,0.1111111111111111,1.0,0.2857142857142856,0.6873623351666263,0.2792024860594797,0.0,0.8703521545436785,0.9291784702549576,0.2,1.0,0.0
387,0.894736842105263,0.8888888888888888,1.0,0.2857142857142856,0.6873623351666263,0.2994017193308549,0.0,0.8567313937948335,0.9178470254957507,0.8,1.0,0.0
388,0.5789473684210527,0.6666666666666666,1.0,0.2857142857142856,0.6873623351666263,0.2981383596654277,1.0,0.8595297049934183,0.9235127478753542,0.7000000000000001,1.0,0.0
389,0.6842105263157894,0.8888888888888888,1.0,0.2857142857142856,0.6873623351666263,0.3006360362453533,0.0,0.8528618540905405,0.9178470254957507,0.8500000000000001,1.0,0.0
390,0.5263157894736842,0.6666666666666666,1.0,0.2857142857142856,0.6873623351666263,0.30580564591078074,0.0,0.8508122323413114,0.9178470254957507,0.9,1.0,0.0
